{
    "comment": "This file lists all sequences together with the sound banks they use. If a sequence uses multiple banks, the first bank will be used by default, and it can switch between them using the chan_setbank command; e.g. chan_setbank 0 will switch to the first bank in the given list.",
    "00_sound_player": ["00", "01_terrain", "02_water", "03", "04", "05", "06", "07", "08_mario", "09", "0A_mario_peach"],
	"01_Seq_Star Revenge 1_custom": ["22"],
    "01_cutscene_collect_star": null,
	"02_Seq_Star Revenge 1_custom": ["25"],
    "02_menu_title_screen": null,
	"03_Seq_Star Revenge 1_custom": ["25"],
    "03_level_grass": null,
	"04_Seq_Star Revenge 1_custom": ["11"],
    "04_level_inside_castle": null,
    "05_level_water": ["13"],
	"06_Seq_Star Revenge 1_custom": ["25"],
    "06_level_hot": null,
	"07_Seq_Star Revenge 1_custom": ["12"],
    "07_level_boss_koopa": null,
    "08_level_snow": ["0B"],
	"09_Seq_Star Revenge 1_custom": ["11"],
    "09_level_slide": null,
    "0A_level_spooky": ["10", "21"],
	"0B_Seq_Star Revenge 1_custom": ["14_piranha_music_box"],
    "0B_event_piranha_plant": null,
	"0C_Seq_Star Revenge 1_custom": ["13"],
    "0C_level_underground": null,
	"0D_Seq_Star Revenge 1_custom": ["25"],
    "0D_menu_star_select": null,
	"0E_Seq_Star Revenge 1_custom": ["25"],
    "0E_event_powerup": null,
	"0F_Seq_Star Revenge 1_custom": ["18"],
    "0F_event_metal_cap": null,
	"10_Seq_Star Revenge 1_custom": ["12"],
    "10_event_koopa_message": null,
	"11_Seq_Star Revenge 1_custom": ["25"],
    "11_level_koopa_road": null,
	"12_Seq_Star Revenge 1_custom": ["1F"],
    "12_event_high_score": null,
    "13_event_merry_go_round": ["21"],
	"14_Seq_Star Revenge 1_custom": ["1A"],
    "14_event_race": null,
	"15_Seq_Star Revenge 1_custom": ["0E"],
    "15_cutscene_star_spawn": null,
	"16_Seq_Star Revenge 1_custom": ["11"],
    "16_event_boss": null,
	"17_Seq_Star Revenge 1_custom": ["1A"],
    "17_cutscene_collect_key": null,
    "18_event_endless_stairs": ["1C_endless_stairs"],
	"19_Seq_Star Revenge 1_custom": ["1D_bowser_organ"],
    "19_level_boss_koopa_final": null,
    "1A_cutscene_credits": ["25"],
	"1B_Seq_Star Revenge 1_custom": ["14_piranha_music_box"],
    "1B_event_solve_puzzle": null,
	"1C_Seq_Star Revenge 1_custom": ["20"],
    "1C_event_toad_message": null,
	"1D_Seq_Star Revenge 1_custom": ["1E"],
    "1D_event_peach_message": null,
	"1E_Seq_Star Revenge 1_custom": ["1B"],
    "1E_cutscene_intro": null,
	"1F_Seq_Star Revenge 1_custom": ["1A"],
    "1F_cutscene_victory": null,
	"20_Seq_Star Revenge 1_custom": ["23"],
    "20_cutscene_ending": null,
	"21_Seq_Star Revenge 1_custom": ["25"],
    "21_menu_file_select": null,
    "22_cutscene_lakitu": {"ifdef": ["VERSION_US", "VERSION_EU", "VERSION_SH"], "banks": ["1B"]},
	"23_Seq_Star Revenge 1_custom": ["25"],
	"24_Seq_Star Revenge 1_custom": ["25"],
	"25_Seq_Star Revenge 1_custom": ["0B"],
	"26_Seq_Star Revenge 1_custom": ["25"],
	"27_Seq_Star Revenge 1_custom": ["25"],
	"28_Seq_Star Revenge 1_custom": ["1A"],
	"29_Seq_Star Revenge 1_custom": ["25"],
	"2A_Seq_Star Revenge 1_custom": ["19"],
	"2B_Seq_Star Revenge 1_custom": ["25"],
	"2D_Seq_Star Revenge 1_custom": ["10"],
	"2E_Seq_Star Revenge 1_custom": ["25"],
	"2F_Seq_Star Revenge 1_custom": ["25"],
	"30_Seq_Star Revenge 1_custom": ["25"],
	"31_Seq_Star Revenge 1_custom": ["1D_bowser_organ"],
	"32_Seq_Star Revenge 1_custom": ["1A"],
	"33_Seq_Star Revenge 1_custom": ["25"],
	"34_Seq_Star Revenge 1_custom": ["10"],
	"35_Seq_Star Revenge 1_custom": ["11"],
	"36_Seq_Star Revenge 1_custom": ["25"],
	"37_Seq_Star Revenge 1_custom": ["12"],
	"38_Seq_Star Revenge 1_custom": ["25"],
	"39_Seq_Star Revenge 1_custom": ["25"],
	"3A_Seq_Star Revenge 1_custom": ["25"]
}